{
  "biomes": {
    "outer_end:crystal_crag": {
      "weight": 5,
      "dictionary": [
        "END"
      ],
      "hills": []
    },
    "byg:bulbis_gardens": {
      "weight": 5,
      "dictionary": [
        "END"
      ],
      "edge": "byg:bulbis_gardens_edge",
      "hills": []
    },
    "minecraft:end_midlands": {
      "weight": 5,
      "dictionary": [
        "END"
      ],
      "hills": []
    },
    "minecraft:end_highlands": {
      "weight": 5,
      "dictionary": [
        "END"
      ],
      "hills": []
    },
    "byg:imparius_grove": {
      "weight": 5,
      "dictionary": [
        "END"
      ],
      "edge": "byg:imparius_clearing",
      "hills": [
        {
          "weight": 10,
          "data": "byg:imparius_clearing"
        }
      ]
    },
    "byg:bulbis_gardens_edge": {
      "weight": 5,
      "dictionary": [
        "END"
      ],
      "hills": []
    },
    "byg:cryptic_wastes": {
      "weight": 5,
      "dictionary": [
        "END"
      ],
      "hills": []
    },
    "byg:imparius_clearing": {
      "weight": 5,
      "dictionary": [
        "END"
      ],
      "hills": []
    },
    "byg:ethereal_islands": {
      "weight": 5,
      "dictionary": [
        "END"
      ],
      "edge": "byg:ethereal_clearing",
      "hills": [
        {
          "weight": 10,
          "data": "byg:ethereal_forest"
        },
        {
          "weight": 5,
          "data": "byg:ethereal_clearing"
        }
      ]
    },
    "byg:viscal_isles": {
      "weight": 5,
      "dictionary": [
        "END"
      ],
      "hills": []
    },
    "byg:shattered_desert": {
      "weight": 5,
      "dictionary": [
        "END"
      ],
      "hills": []
    },
    "byg:ivis_fields": {
      "weight": 5,
      "dictionary": [
        "END"
      ],
      "hills": []
    },
    "byg:purpur_peaks": {
      "weight": 5,
      "dictionary": [
        "END"
      ],
      "hills": []
    },
    "minecraft:end_barrens": {
      "weight": 5,
      "dictionary": [
        "END"
      ],
      "hills": []
    },
    "byg:shattered_viscal_isles": {
      "weight": 5,
      "dictionary": [
        "END"
      ],
      "hills": []
    },
    "minecraft:the_end": {
      "weight": 5,
      "dictionary": [
        "END"
      ],
      "hills": []
    },
    "byg:shulkren_forest": {
      "weight": 5,
      "dictionary": [
        "END"
      ],
      "hills": []
    },
    "byg:ethereal_clearing": {
      "weight": 5,
      "dictionary": [
        "END"
      ],
      "hills": []
    },
    "outer_end:azure_forest": {
      "weight": 5,
      "dictionary": [
        "END"
      ],
      "hills": []
    },
    "byg:nightshade_forest": {
      "weight": 5,
      "dictionary": [
        "END"
      ],
      "hills": []
    },
    "byg:shattered_desert_isles": {
      "weight": 5,
      "dictionary": [
        "END"
      ],
      "hills": []
    },
    "byg:ethereal_forest": {
      "weight": 5,
      "dictionary": [
        "END"
      ],
      "hills": []
    }
  },
  "void-biomes": {
    "byg:viscal_isles": {
      "weight": 5,
      "dictionary": [
        "END",
        "VOID"
      ],
      "hills": [
        {
          "weight": 10,
          "data": "byg:shattered_viscal_isles"
        }
      ]
    },
    "byg:shattered_desert_isles": {
      "weight": 5,
      "dictionary": [
        "END",
        "VOID"
      ],
      "hills": []
    },
    "minecraft:small_end_islands": {
      "weight": 5,
      "dictionary": [
        "VOID"
      ],
      "hills": []
    }
  }
}